{"EnemySaveDatas":[{"Position":{"x":28.467144012451173,"y":-14.283760070800782,"z":0.0},"Rotation":{"x":0.0,"y":0.0,"z":-0.9169922471046448,"w":0.3989051580429077}},{"Position":{"x":-30.93414306640625,"y":5.619468688964844,"z":0.0},"Rotation":{"x":0.0,"y":0.0,"z":0.9701319932937622,"w":0.24257759749889375}},{"Position":{"x":-25.501161575317384,"y":-17.477739334106447,"z":0.0},"Rotation":{"x":0.0,"y":0.0,"z":0.9323594570159912,"w":0.36153262853622439}},{"Position":{"x":25.96388053894043,"y":14.554717063903809,"z":0.0},"Rotation":{"x":0.0,"y":0.0,"z":-0.8819553852081299,"w":0.47133293747901919}}]}